{
    "keep": {
        "days": false,
        "amount": 30
    },
    "auditLog": "D:\\estatus\\Backend\\logs\\error\\.f29c188d8c19c7b4bb6ad4f49199ed8504c5b213-audit.json",
    "files": [
        {
            "date": 1720523931351,
            "name": "D:\\estatus\\Backend\\logs\\error\\2024-07-09.log",
            "hash": "3b4ddec4d98d5c63e58257d858ae44062225ecf31d895dd7c5f404d564a11c62"
        },
        {
            "date": 1720571269122,
            "name": "D:\\estatus\\Backend\\logs\\error\\2024-07-10.log",
            "hash": "3b6730f6d0c1c0680e8937737dd811699c0eb55498a5d9a8173cd817bcd1fa2c"
        }
    ],
    "hashType": "sha256"
}