{
    "keep": {
        "days": false,
        "amount": 30
    },
    "auditLog": "D:\\estatus\\Backend\\logs\\debug\\.001943c952820c947388b37bc07e1d6c843bec5f-audit.json",
    "files": [
        {
            "date": 1720523931347,
            "name": "D:\\estatus\\Backend\\logs\\debug\\2024-07-09.log",
            "hash": "d7d287a8f8c4b9f5cb823d8f0c1e56a95740f9e263ebd5c69db4a37f76b4840f"
        },
        {
            "date": 1720571269118,
            "name": "D:\\estatus\\Backend\\logs\\debug\\2024-07-10.log",
            "hash": "5caef49461919ea8a0e453b42d6e2da07919e716487b690d5eb7a4e67e0fe0c3"
        }
    ],
    "hashType": "sha256"
}